{
  "jf": {
    "elevation": {
      "shadow-color": {
        "neutral": {
          "value": "31, 35, 39",
          "type": "other"
        },
        "primary": {
          "value": "112, 61, 214",
          "type": "other"
        },
        "secondary": {
          "value": "57, 185, 178",
          "type": "other"
        }
      },
      "below-shadow": {
        "neutral": {
          "sm": {
            "value": [
              {
                "x": "0",
                "y": "2",
                "blur": "4",
                "spread": "0",
                "color": "rgba({jf.elevation.shadow-color.neutral},0.08)",
                "type": "dropShadow"
              }
            ],
            "type": "boxShadow"
          },
          "md": {
            "value": [
              {
                "x": "6",
                "y": "8",
                "blur": "15",
                "spread": "-2",
                "color": "rgba({jf.elevation.shadow-color.neutral},0.05)",
                "type": "dropShadow"
              },
              {
                "x": "0",
                "y": "2",
                "blur": "4",
                "spread": "0",
                "color": "rgba({jf.elevation.shadow-color.neutral},0.08)",
                "type": "dropShadow"
              }
            ],
            "type": "boxShadow"
          },
          "lg": {
            "value": [
              {
                "x": "6",
                "y": "8",
                "blur": "15",
                "spread": "0",
                "color": "rgba({jf.elevation.shadow-color.neutral},0.08)",
                "type": "dropShadow"
              },
              {
                "x": "4",
                "y": "2",
                "blur": "10",
                "spread": "-4",
                "color": "rgba({jf.elevation.shadow-color.neutral},0.10)",
                "type": "dropShadow"
              }
            ],
            "type": "boxShadow"
          },
          "xl": {
            "value": [
              {
                "x": "6",
                "y": "8",
                "blur": "20",
                "spread": "0",
                "color": "rgba({jf.elevation.shadow-color.neutral},0.18)",
                "type": "dropShadow"
              }
            ],
            "type": "boxShadow"
          },
          "xl2": {
            "value": [
              {
                "x": "9",
                "y": "11",
                "blur": "29",
                "spread": "-2",
                "color": "rgba({jf.elevation.shadow-color.neutral},0.15)",
                "type": "dropShadow"
              }
            ],
            "type": "boxShadow"
          },
          "inset": {
            "value": [
              {
                "x": "0",
                "y": "4",
                "blur": "6",
                "spread": "-2",
                "color": "rgba({jf.elevation.shadow-color.neutral}, 0.20)",
                "type": "innerShadow"
              }
            ],
            "type": "boxShadow"
          }
        },
        "primary": {
          "sm": {
            "value": [
              {
                "x": "0",
                "y": "2",
                "blur": "4",
                "spread": "0",
                "color": "rgba( {jf.elevation.shadow-color.primary},0.5)",
                "type": "dropShadow"
              }
            ],
            "type": "boxShadow"
          },
          "md": {
            "value": [
              {
                "x": "6",
                "y": "8",
                "blur": "15",
                "spread": "-2",
                "color": "rgba( {jf.elevation.shadow-color.primary},0.35)",
                "type": "dropShadow"
              },
              {
                "x": "0",
                "y": "2",
                "blur": "4",
                "spread": "0",
                "color": "rgba( {jf.elevation.shadow-color.primary},0.50)",
                "type": "dropShadow"
              }
            ],
            "type": "boxShadow"
          },
          "lg": {
            "value": [
              {
                "x": "6",
                "y": "8",
                "blur": "15",
                "spread": "0",
                "color": "rgba( {jf.elevation.shadow-color.primary},0.35)",
                "type": "dropShadow"
              },
              {
                "x": "4",
                "y": "2",
                "blur": "10",
                "spread": "-4",
                "color": "rgba( {jf.elevation.shadow-color.primary},0.60)",
                "type": "dropShadow"
              }
            ],
            "type": "boxShadow"
          },
          "xl": {
            "value": [
              {
                "x": "6",
                "y": "8",
                "blur": "20",
                "spread": "0",
                "color": "rgba({jf.elevation.shadow-color.primary},0.60)",
                "type": "dropShadow"
              }
            ],
            "type": "boxShadow"
          },
          "xl2": {
            "value": [
              {
                "x": "9",
                "y": "11",
                "blur": "29",
                "spread": "-2",
                "color": "rgba( {jf.elevation.shadow-color.primary},0.55)",
                "type": "dropShadow"
              }
            ],
            "type": "boxShadow"
          },
          "inset": {
            "value": [
              {
                "x": "0",
                "y": "4",
                "blur": "6",
                "spread": "-2",
                "color": "rgba({jf.elevation.shadow-color.neutral}, 0.70)",
                "type": "innerShadow"
              }
            ],
            "type": "boxShadow"
          }
        },
        "secondary": {
          "sm": {
            "value": [
              {
                "x": "0",
                "y": "2",
                "blur": "4",
                "spread": "0",
                "color": "rgba( {jf.elevation.shadow-color.secondary},0.5)",
                "type": "dropShadow"
              }
            ],
            "type": "boxShadow"
          },
          "md": {
            "value": [
              {
                "x": "6",
                "y": "8",
                "blur": "15",
                "spread": "-2",
                "color": "rgba( {jf.elevation.shadow-color.secondary},0.35)",
                "type": "dropShadow"
              },
              {
                "x": "0",
                "y": "2",
                "blur": "4",
                "spread": "0",
                "color": "rgba( {jf.elevation.shadow-color.secondary},0.50)",
                "type": "dropShadow"
              }
            ],
            "type": "boxShadow"
          },
          "lg": {
            "value": [
              {
                "x": "6",
                "y": "8",
                "blur": "15",
                "spread": "0",
                "color": "rgba( {jf.elevation.shadow-color.secondary},0.35)",
                "type": "dropShadow"
              },
              {
                "x": "4",
                "y": "2",
                "blur": "10",
                "spread": "-4",
                "color": "rgba( {jf.elevation.shadow-color.secondary},0.60)",
                "type": "dropShadow"
              }
            ],
            "type": "boxShadow"
          },
          "xl": {
            "value": [
              {
                "x": "6",
                "y": "8",
                "blur": "20",
                "spread": "0",
                "color": "rgba({jf.elevation.shadow-color.secondary},0.60)",
                "type": "dropShadow"
              }
            ],
            "type": "boxShadow"
          },
          "xl2": {
            "value": [
              {
                "x": "9",
                "y": "11",
                "blur": "29",
                "spread": "-2",
                "color": "rgba( {jf.elevation.shadow-color.secondary},0.55)",
                "type": "dropShadow"
              }
            ],
            "type": "boxShadow"
          },
          "inset": {
            "value": [
              {
                "x": "0",
                "y": "4",
                "blur": "6",
                "spread": "-2",
                "color": "rgba({jf.elevation.shadow-color.neutral}, 0.70)",
                "type": "innerShadow"
              }
            ],
            "type": "boxShadow"
          }
        }
      },
      "above-shadow": {
        "neutral": {
          "sm": {
            "value": [
              {
                "x": "0",
                "y": "-2",
                "blur": "4",
                "spread": "0",
                "color": "rgba({jf.elevation.shadow-color.neutral},0.08)",
                "type": "dropShadow"
              }
            ],
            "type": "boxShadow"
          },
          "md": {
            "value": [
              {
                "x": "6",
                "y": "-8",
                "blur": "15",
                "spread": "-2",
                "color": "rgba({jf.elevation.shadow-color.neutral},0.05)",
                "type": "dropShadow"
              },
              {
                "x": "0",
                "y": "-2",
                "blur": "4",
                "spread": "0",
                "color": "rgba({jf.elevation.shadow-color.neutral},0.08)",
                "type": "dropShadow"
              }
            ],
            "type": "boxShadow"
          },
          "lg": {
            "value": [
              {
                "x": "6",
                "y": "-8",
                "blur": "15",
                "spread": "0",
                "color": "rgba({jf.elevation.shadow-color.neutral},0.08)",
                "type": "dropShadow"
              },
              {
                "x": "4",
                "y": "-2",
                "blur": "10",
                "spread": "-4",
                "color": "rgba({jf.elevation.shadow-color.neutral},0.10)",
                "type": "dropShadow"
              }
            ],
            "type": "boxShadow"
          },
          "xl": {
            "value": [
              {
                "x": "6",
                "y": "-8",
                "blur": "20",
                "spread": "0",
                "color": "rgba({jf.elevation.shadow-color.neutral},0.18)",
                "type": "dropShadow"
              }
            ],
            "type": "boxShadow"
          },
          "xl2": {
            "value": [
              {
                "x": "9",
                "y": "-11",
                "blur": "29",
                "spread": "-2",
                "color": "rgba({jf.elevation.shadow-color.neutral},0.15)",
                "type": "dropShadow"
              }
            ],
            "type": "boxShadow"
          },
          "inset": {
            "value": [
              {
                "x": "0",
                "y": "-4",
                "blur": "6",
                "spread": "-2",
                "color": "rgba({jf.elevation.shadow-color.neutral}, 0.20)",
                "type": "innerShadow"
              }
            ],
            "type": "boxShadow"
          }
        },
        "primary": {
          "sm": {
            "value": [
              {
                "x": "0",
                "y": "-2",
                "blur": "4",
                "spread": "0",
                "color": "rgba( {jf.elevation.shadow-color.primary},0.5)",
                "type": "dropShadow"
              }
            ],
            "type": "boxShadow"
          },
          "md": {
            "value": [
              {
                "x": "6",
                "y": "-8",
                "blur": "15",
                "spread": "-2",
                "color": "rgba( {jf.elevation.shadow-color.primary},0.35)",
                "type": "dropShadow"
              },
              {
                "x": "0",
                "y": "-2",
                "blur": "4",
                "spread": "0",
                "color": "rgba( {jf.elevation.shadow-color.primary},0.50)",
                "type": "dropShadow"
              }
            ],
            "type": "boxShadow"
          },
          "lg": {
            "value": [
              {
                "x": "6",
                "y": "-8",
                "blur": "15",
                "spread": "0",
                "color": "rgba( {jf.elevation.shadow-color.primary},0.35)",
                "type": "dropShadow"
              },
              {
                "x": "4",
                "y": "-2",
                "blur": "10",
                "spread": "-4",
                "color": "rgba( {jf.elevation.shadow-color.primary},0.60)",
                "type": "dropShadow"
              }
            ],
            "type": "boxShadow"
          },
          "xl": {
            "value": [
              {
                "x": "6",
                "y": "-8",
                "blur": "20",
                "spread": "0",
                "color": "rgba({jf.elevation.shadow-color.primary},0.60)",
                "type": "dropShadow"
              }
            ],
            "type": "boxShadow"
          },
          "xl2": {
            "value": [
              {
                "x": "9",
                "y": "-11",
                "blur": "29",
                "spread": "-2",
                "color": "rgba( {jf.elevation.shadow-color.primary},0.55)",
                "type": "dropShadow"
              }
            ],
            "type": "boxShadow"
          },
          "inset": {
            "value": [
              {
                "x": "0",
                "y": "-4",
                "blur": "6",
                "spread": "-2",
                "color": "rgba({jf.elevation.shadow-color.neutral}, 0.70)",
                "type": "innerShadow"
              }
            ],
            "type": "boxShadow"
          }
        },
        "secondary": {
          "sm": {
            "value": [
              {
                "x": "0",
                "y": "-2",
                "blur": "4",
                "spread": "0",
                "color": "rgba( {jf.elevation.shadow-color.secondary},0.5)",
                "type": "dropShadow"
              }
            ],
            "type": "boxShadow"
          },
          "md": {
            "value": [
              {
                "x": "6",
                "y": "-8",
                "blur": "15",
                "spread": "-2",
                "color": "rgba( {jf.elevation.shadow-color.secondary},0.35)",
                "type": "dropShadow"
              },
              {
                "x": "0",
                "y": "-2",
                "blur": "4",
                "spread": "0",
                "color": "rgba( {jf.elevation.shadow-color.secondary},0.50)",
                "type": "dropShadow"
              }
            ],
            "type": "boxShadow"
          },
          "lg": {
            "value": [
              {
                "x": "6",
                "y": "-8",
                "blur": "15",
                "spread": "0",
                "color": "rgba( {jf.elevation.shadow-color.secondary},0.35)",
                "type": "dropShadow"
              },
              {
                "x": "4",
                "y": "-2",
                "blur": "10",
                "spread": "-4",
                "color": "rgba( {jf.elevation.shadow-color.secondary},0.60)",
                "type": "dropShadow"
              }
            ],
            "type": "boxShadow"
          },
          "xl": {
            "value": [
              {
                "x": "6",
                "y": "-8",
                "blur": "20",
                "spread": "0",
                "color": "rgba({jf.elevation.shadow-color.secondary},0.60)",
                "type": "dropShadow"
              }
            ],
            "type": "boxShadow"
          },
          "xl2": {
            "value": [
              {
                "x": "9",
                "y": "-11",
                "blur": "29",
                "spread": "-2",
                "color": "rgba( {jf.elevation.shadow-color.secondary},0.55)",
                "type": "dropShadow"
              }
            ],
            "type": "boxShadow"
          },
          "inset": {
            "value": [
              {
                "x": "0",
                "y": "-4",
                "blur": "6",
                "spread": "-2",
                "color": "rgba({jf.elevation.shadow-color.neutral}, 0.70)",
                "type": "innerShadow"
              }
            ],
            "type": "boxShadow"
          }
        }
      }
    }
  }
}